0,1,2,3,4,5,6,7,8,9,10,11,12,13,14,15,16,17,18,19,20,21,22,23,24,25,26,27,28,29,30,31,32,33,34,35,36,37,38,39,40,41,42,43,44,45,46,47,48,49,50,51,52,53,54,55,56,57,58,59,60,61,62,63,64,65,66,67,68,69,70,71,72,73,74,75,76,77,78,79,80,81,82,83,84,85,86,87,88,89,90,91,92,93,94,95,96
Biliary-AdenoCA,-0.08573659383724201,-0.0280228584623299,-0.07085760161105605,0.07619525186901789,0.25566133595131735,0.05067710779916818,-0.05321920381636946,0.11441522002979661,-0.14375454918811395,-0.12391314187707497,-0.1497817670918111,-0.00727332094018416,-0.06200265842556681,-0.08205964286463578,-0.19749381167970792,0.10573534425087945,-0.30621139014646287,-0.26918295354989363,-0.30193567499617124,-0.25707712941753413,-0.33962966867142913,-0.427440745494221,-0.3420990698987288,-0.33550491121223747,-0.25799521781926316,-0.08456301963110789,-0.31651133521096864,-0.27585948085884054,-0.10879282501287023,-0.2525906749449713,-0.3157555893660153,-0.05675591698215291,-0.14144740298280828,-0.06919501447853042,-0.022962350066222444,-0.18301278546580216,-0.016792945926473925,0.02346256897543082,-0.06695394326646363,-0.0017818769380365067,-0.06027974064376794,0.10523038966822379,0.0883081736043323,-0.002352268361085636,0.03238571659030039,0.07453826477215587,0.015996064354639215,0.1586326469173277,0.7123908236133705,0.6617203944261776,0.004079365421859463,0.2727515614834886,1.0,0.09691775150522489,0.5008356428628978,0.41659266352402685,0.23380152911160257,0.39445978532517334,0.11876690404968163,0.1892905423412169,0.40689950620284343,0.14975122062374338,0.05891394361501652,-0.10656732747631288,0.07576767801230637,-0.007496433191067433,-0.09732104954274647,-0.12525371222717,0.22867539538858997,0.10815388425193274,-0.006242347579329011,0.032305389298818835,-0.011437356611721548,-0.017975118036003723,-0.06468715576967758,0.04294427318814385,0.12111780019251467,-0.040298847324731775,0.017297269476600846,0.07301437745476601,0.10972516914280207,-0.1932012282791316,-0.32914054460406594,-0.1702220553033899,-0.015359894104343054,-0.09126816019833883,-0.11647329394465723,0.19521453259948787,-0.18044260070654428,-0.0029026266096589407,-0.264803912750337,0.238119680442671,0.10479275159003675,-0.3385144598633039,-0.18251529408389708,-0.12621999270917406
Bladder-TCC,0.2606894159988184,0.03162380839439774,0.5094813780673227,0.2940528839370618,0.8340146491028292,0.6506826824763635,0.2127389441309131,0.7890985921472548,0.14929450256714694,-0.016062134064506416,0.20035100185661162,0.2576248210189985,-0.1703059401615731,-0.07904132962191887,-0.45425189199012617,0.055278393730840245,-0.17603110158057628,-0.23168371998007511,0.05353412310108996,-0.19826414057490158,-0.0965704451732461,-0.40882238585519454,0.5719952283027865,-0.09754285128587378,-0.13380116179112939,-0.23895942151767657,-0.07661094086312431,-0.2956514030612433,-0.019023222524527972,-0.023770915511064115,-0.017414676014941642,0.020779738466973976,-0.25241743491901597,-0.19465330938545003,0.03743953265767221,-0.17487878204295293,0.9085943604260249,0.45898007162017546,-0.14061114565678395,0.6064348575584019,-0.07204054715972462,-0.1082993734268563,0.04823194284805679,0.16912018370256393,0.02892500917791325,-0.023941208916824032,0.017360280405238678,-0.09445070581769677,0.5448812674794026,-0.30859487834976485,-0.23414848419585305,1.0,0.9599465267055676,-0.17603116893359963,0.5903020550131897,0.47150136350508376,0.39809900688243927,-0.12143517974684737,0.20279999247900687,0.2231409041364742,0.9802348493564149,-0.17706899134586687,0.1397932483205504,0.08533530912352848,0.2231058943206698,-0.398229003552118,-0.274513465332296,-0.2775110713480151,0.4701291117075663,-0.39948058797958275,-0.43399480490199266,-0.09639347784858424,0.6323283685748846,-0.28599473918382334,-0.3195797408373856,0.01304125402402198,0.4529441554860306,-0.2340680040837367,-0.1111757027835323,-0.13072894097441984,-0.01990512383610207,-0.37838485388559495,-0.6110772784684568,0.12389161014801717,0.3203616543000563,-0.5266243601336679,-0.3489162203516909,0.08602168142026588,-0.2820229527482792,-0.30991792050023775,-0.45591535885212675,0.6837271525500135,0.0028282413061534437,-0.6346772273507335,-0.34623960298412443,-0.16362987572936416
Bone-Benign,0.2960280487559324,0.08633480431071054,0.21135606111892388,0.15190660632479694,0.054650058794567656,-0.042430144202712974,-0.04097287572892409,0.14716814324512936,0.09859298397016623,-0.08057301388667512,-0.050130415343850786,-0.1215273922857367,0.006949641108734293,-0.060621966036908254,-0.021129484307703984,-0.06515371791753058,-0.03278141582448613,-0.11142788019799595,0.1557773190122149,-0.1560671274749652,-0.12346990442933053,-0.24754990815567746,-0.060343287096185735,-0.30343696223478134,-0.03777785768794963,-0.0749180927430404,0.01710842017907552,-0.23673546723183467,0.0007049371582346524,-0.06622261732317808,-0.08039409118681842,0.031318477622541314,0.0652931891417976,0.006949933307907223,0.020224526274690867,0.07769157881245348,0.08163750051674577,0.007522297487116099,-0.07602352107940626,0.2528751488672794,-0.034316860705727495,-0.0573947179386418,-0.03745253821302061,0.16957732176763451,0.033492830818799633,0.049402953538083424,-0.05426638060248325,0.20450153613089314,0.510685824147416,0.061027530087935614,0.12390691458386976,0.31745211964297704,0.07908132876235527,0.009630731511510868,0.06479547005131638,0.07362853533023002,0.019860838789515146,0.2292751775699095,0.055920916511498116,0.14649060165449618,0.0687259360323916,-0.04028637323571121,-0.08337024361129941,0.0027828393369047633,-0.13197265428945876,-0.17123202310983562,-0.26048916528200333,-0.1380705349161133,-0.11405197933785967,0.12074311941942484,-0.2645440876896839,-0.13332897287275222,-0.0493265533065577,0.05897965937741701,-0.1792059483902078,0.015183977125793592,-0.1347994151890773,0.045384425171201344,-0.19093013417697485,-0.07138322747268151,0.4444922894965277,-0.12513380878565414,-0.08194674008108567,-0.12903928923529362,0.11376571648755641,-0.10525725940963784,-0.010472857139430164,-0.07130115452634159,0.09369877873326869,0.1626177128923968,1.0,0.2988056974341373,-0.11575543260523326,-0.15103251452112154,0.05756373881998714,-0.07351018691186868
Bone-Epith,0.04317203372497321,0.21690967553034646,0.013548910710497743,0.3077404826269656,0.014833482072049185,0.0322211858085119,-0.12249281040977503,0.14750659878625139,-0.015433916088085416,-0.012256740258741636,-0.1371305327157811,-0.033330425263105846,-0.059449500459253714,-0.12161897835621034,-0.14772074886001446,0.01015168452817003,-0.12404179118963927,-0.12888230642410078,-0.034880092016588767,-0.1585131681808641,-0.17373710001877124,-0.17880489443608738,-0.18217203996707754,-0.2193007570687817,-0.10432395281160368,-0.11698604313576363,-0.07847092568275547,-0.07668501886285134,-0.03250269671974982,-0.1247154825862553,-0.18558833294206492,0.041335930268512386,-0.020978487504022435,-0.05172701291170423,-0.005364282076991409,-0.09491496284430152,-0.02845979584459681,-0.07560247588697867,-0.0982774313655452,0.006349836405390567,-0.06440541517541369,-0.056520571958963095,0.07407902188963107,-0.020907194227814285,-0.007994052817864826,-0.07237272695223985,-0.052405515286809486,0.017208759711650576,0.7747891536772676,0.36857064730780015,0.15058515106862708,0.4169874277475345,1.0,0.07014148548797854,0.49764611502399064,0.350888150139105,0.4346313248266103,0.21915271532558336,0.32984996639980746,0.33185759411246213,0.290913254149887,-0.013549689472902915,0.09216928850807285,-0.06785235222320028,-0.023713914408711737,0.012487337045174171,-0.16240615663547756,-0.03904218671296255,-0.07824020416556787,0.1403117561436554,-0.14833358479803627,0.008125008693698558,0.4769060609306388,0.2650031735296791,0.008647128032966155,0.44536690011961727,0.1072388240734338,0.2863865560258017,-0.059508214854475834,0.10960759290317323,0.1919380751447978,-0.12477591257850408,-0.14562241403717788,-0.24770761298752123,0.03260057468006965,-0.1611694949068849,-0.04936173378642779,-0.20284532072983597,0.10612794068538309,0.008306724519981193,0.2700647701842565,-0.014318031191821788,-0.08083166755127895,-0.20735017656652852,-0.15634274687439725,-0.22603721112603772
Bone-Osteosarc,-0.056278271318513595,0.06827079499948763,0.030265857203966077,0.23303380929435602,-0.017046432915080793,-0.052381717716103386,-0.04243303905506009,0.24798899243554726,0.16610217229180887,-0.04230523082490721,-0.17107735884281638,0.1578257373729732,-0.09643419464768353,-0.14548749142011133,-0.18360461832379146,0.09385109942670616,-0.07522228812976293,-0.16491244630381208,0.1649488095475252,-0.13236735520810022,-0.1337388937866855,-0.20715618499556154,-0.11774333655107114,-0.187064110237298,-0.14330859604227722,-0.0883752485495565,-0.1581578766025624,-0.1106824375741764,0.004021181571202055,-0.06195164463410014,-0.05476415281735106,0.05324999062315512,0.015455288396049425,-0.1441744713777868,-0.04278065598717464,-0.00430625441388624,-0.09099454071513495,-0.13639706481769692,-0.06029509870904003,-0.04643059333310708,-0.113843154795117,-0.08379403408038474,0.07917860390937949,-0.01871685856230625,-0.03486231031459645,-0.0026159032741222264,-0.028049368572161715,0.12033904718706247,0.31818699704485914,0.12308275724528543,0.0998117588634017,0.27859384697486583,1.0,0.0995039846813716,0.47535485533306215,0.43701594492612345,0.2407996080047446,0.02244193264874352,0.08219843218980284,0.32410402811172173,0.35079115236803576,-0.048505708522624695,0.06333292680572292,0.05796254201467865,-0.11055587918228917,0.07819505596301084,-0.19996204135676834,-0.10194191831737169,-0.03976492727202853,0.27828483351166866,-0.07047458314931476,-0.049691076492048174,0.22279434673891038,0.4244646171740086,0.13236013714741102,0.2634856023298794,0.09587589894715438,0.609640701334686,0.1292805484972113,0.18842017257080004,-0.11161271533150707,-0.2948146264436537,-0.1470175868214768,-0.27978042552580124,-0.09014316961841791,-0.1721173244481365,-0.04404554292824716,-0.01631971635145532,-0.1373868195013494,-0.06010289349261023,0.14557409224439405,0.08909740291048805,-0.14854731090839218,-0.3197101693492184,-0.05075439374751411,-0.16909449924313472
Breast-AdenoCA,0.16987356317713878,0.23852988624344196,0.303107083224258,0.42623837097025075,0.03038414392766786,-0.006480014509383516,-0.08094971485442327,0.2540474447784274,0.04667556726139971,0.08508977355765303,0.005247255894731735,0.07668673003274273,0.013407994188274408,0.014340741933242583,-0.20013941624970902,0.12978723449779214,-0.036065930253134516,-0.004522422680022186,1.0,0.00940191899897308,-0.14924087591832638,-0.1417306693517293,0.3603438350415746,-0.09760659513837147,-0.12962193990907805,-0.03177560347625531,-0.052943955218423794,-0.051388235359969406,-0.03684966361388178,-0.027265897924290912,0.012566020549100504,0.013176515091718482,-0.04320755395642214,-0.098457509624085,-0.013514002386196964,0.03203417747966716,0.10582365761448613,-0.09616114315543127,-0.09418735535779355,0.03797589656306782,-0.03332800876898486,-0.06287420267789878,0.025969202011175804,0.04311071180958185,0.0007586891456149883,0.021014082237984136,-0.00699831675476653,-0.01779255232948997,0.3610588250595964,0.11807026090360233,0.0346121135778662,0.7196913566017279,0.17620515714245186,-0.04896549268272739,0.06867924542999812,0.3480728018001012,0.021327082749280826,0.010666645607072254,-0.07481958071581271,0.10358817751308019,0.37940920361378516,0.02250865153404567,-0.021257285319395938,0.2787155264597641,-0.14420418555118772,-0.05850756086482427,-0.23599473466720366,-0.12025908851676835,-0.0732594205255737,-0.01666241723811774,-0.209637660876682,-0.08410978441649597,-0.03767857052359959,0.04010619978813573,-0.21206191380491088,0.03500841417355188,-0.1031664777919875,0.09070904345221238,-0.16664933851677907,-0.03818666360808251,0.24076428408636794,0.057018820319283875,-0.04864073980828226,0.24638699265504513,-0.018874676618427406,-0.12533747052585104,-0.07337103329877336,0.05339443033276409,-0.06469039719127834,0.10840255180269796,-0.05343759162896885,0.19874172207847896,-0.0048776718125410545,-0.1627332465331363,0.00040213476714078694,0.08843056100339011
Breast-DCIS,0.2627997824901199,0.32224287558560377,0.16011564764176273,0.4550440977017383,0.3326875322429298,0.1601323632782477,-0.22956732371218405,0.38719211953170907,0.32226809034068093,0.12499168143938764,0.05941372600303421,0.13013830520024341,0.6098291495576249,0.2018734004478735,0.040641910978806935,0.2454336462807459,-0.24363150400411845,0.09060377111061006,-0.1092283527817909,-0.27343014784181807,0.0401777965295172,-0.22030143844899783,-0.02167893326169564,-0.20031862976062756,-0.03693319706790403,-0.22379962407146362,-0.252127882481804,-0.21594640439730084,-0.03759344794565506,-0.0038125152605956595,-0.26591230419172984,0.18627883975465412,-0.18344961046301186,-0.06756185988235307,-0.00801340477573001,-0.13454859517200043,0.15672701316446172,0.019780084506888757,-0.12236583007414728,0.08337615947603043,-0.006847124201094973,-0.08607417121167686,0.04092098953212782,-0.07662186375076967,0.3300318033353764,0.14448057776142384,-0.05282666281277934,0.4108229485353384,0.3152386433668695,0.5238043421884204,0.12127182282819758,0.8279445023432633,0.17980315541201114,0.1243510126772745,0.015452416882228122,0.3413612566778524,0.0846468253878379,0.39910782228078,0.21458671239699684,0.3779686766148784,0.377882749350099,-0.008278501086948014,0.2886739636066042,-0.011766370225247624,-0.23069638837004108,-0.009582867793737569,-0.3477717324417677,-0.17572126953957953,-0.19073376332645064,-0.17200395699619628,-0.3442038552888906,-0.27390564641431636,0.1356011171958491,-0.030550670699698093,-0.23518234337438038,-0.01270638840576532,-0.1131925180529688,0.11556146481266477,-0.12759837026682025,0.005577383270808661,-0.018183591749864496,-0.028933717235299854,-0.3459920447968984,-0.19463140750531022,0.02652442881558664,-0.14200473619873763,-0.2116946345449969,-0.05031197863785174,-0.08376945599816274,-0.034398941648381975,1.0,0.28960810600593023,0.018246229808158567,-0.3377159690656779,-0.17038388670874668,-0.1997995950164464
Breast-LobularCA,0.1823599778002086,0.4012365139620784,0.26782103649779077,0.4427419642039289,0.03680280346157868,0.09334556611776493,-0.22020705523706283,0.44851339904111504,0.042773238590061526,0.2105946457558687,0.22692057059424234,0.08864183725223679,-0.04059680776806259,-0.07255224110596128,-0.3480938759622225,0.05693057696365919,-0.11213569013654706,-0.01093772429974847,0.4240440985285885,-0.11081730684131756,-0.12941337719298285,-0.19250316399024672,0.007684102782935859,-0.16202487873192548,-0.17962500903698175,-0.043969804817912024,-0.1085828699421466,-0.06582500538136866,-0.029283374117131035,-0.03601536651224731,-0.042357575094160584,0.022655320135984234,-0.12148860298144244,-0.029579400599818343,-0.0602576350217708,-0.07194899073103267,0.6186799620332961,0.3238399886348719,-0.12160321138289974,0.3153941853683076,-0.0018865470353052933,0.08535805303925076,0.10726565538884014,0.14247025101654187,0.006623822562032341,0.014829626522236041,0.0829354827671548,-0.027596371885961615,0.626976373572461,0.316709562771789,0.091730113221317,0.9991243047806724,0.1688069577843419,-0.05681404940604735,0.08762149286040796,0.5372108294328755,0.11019008816412172,0.33613908433169615,0.03651321841349316,0.15062810619772,0.5399404091540756,0.0545377555469326,-0.03393955120493304,0.26087686284675055,-0.22026611690358908,-0.07450597333791062,-0.39787944582954343,-0.17649738365221887,-0.11491608669966134,0.04146240205031412,-0.34917785215164804,-0.18784430566719038,0.02993272248695787,0.2374402771809175,-0.30654408377633163,0.12636128900166196,-0.08014894596066116,0.0936371920594719,-0.24658799051978839,-0.06729310085840762,0.36829056780860225,0.07619780819091597,-0.2566806456725827,0.2310516485885712,0.05287502604984129,-0.1209744420262591,-0.16545729133765047,-0.038688738123800304,-0.1296625150583361,0.18492142222892624,-0.09909686494743336,0.4150381757062834,-0.013518669139453184,-0.23902508109266893,-0.043982227110843444,0.14409746039972696
CNS-GBM,0.03007842570052286,0.2286431075851964,-0.043560910851251806,0.47623172405190467,0.07032101416884806,0.14851375830253657,-0.26545485977564165,0.39408704271357686,-0.16298998436076303,-0.07853671034230635,-0.3173300870923847,0.05845882153564252,-0.13033213346454386,-0.133187524518266,-0.26656256637569314,-0.05748881208790957,-0.11801293454791685,-0.20325016319236872,-0.19262653074785913,-0.15272022690831832,-0.2460706118734841,-0.2976383709938561,-0.32838304332052665,-0.26044841177645217,-0.23874505125018006,-0.20140854651701962,-0.2885265379793895,-0.20572579497908683,-0.08391984245010306,-0.18373870069892484,-0.2639097169319567,-0.016421173536489485,-0.00510891076639561,-0.04907859037281958,0.05320715009378414,-0.03721827414191325,0.5562835369567393,0.031165483397625437,-0.15660041570152788,0.14798115803728698,0.057766020529173984,-0.034165191811343344,-0.005993936619390981,0.010474612936796877,0.30729040182865364,0.01137499504547461,0.03844658377871198,0.035700565715793685,0.26938447281501987,-0.06153188079998229,0.007546328299724529,0.4429151296435888,1.0,0.26649937707048044,0.5066537924440673,0.7881386629959309,0.19816082932201798,0.0005628610391195066,0.06006990565819859,0.6429377593900832,0.05816499320458127,0.03212178782625882,0.058165625991641524,0.11587188548560048,-0.1935272843005482,-0.08146570303555724,-0.25621430805003087,-0.13979604803727225,-0.21560936027719743,0.018367636788355405,-0.2902400852071519,-0.12058103312864137,0.031770863745639456,0.09405264923740145,-0.16336631907815322,0.15239867241469615,-0.1358744468447285,0.10798028581519478,-0.18160845274281115,0.013795928052529813,0.0276378628204782,-0.27559395572107936,-0.23740518235066196,-0.2831432711333483,-0.18994025499761275,-0.28331215849799984,-0.22241806109003157,-0.3045223869046109,-0.22522965164832556,-0.18553701272520243,-0.16963808417598353,-0.1285097708418408,-0.20757061198611118,-0.30975989066644877,-0.21934236538269092,-0.26983771206878926
CNS-Medullo,0.11225328022578597,0.40010323186754926,0.17009449389767148,0.3208432429172013,0.06038173477845331,0.14252769487080053,-0.1669663107830138,0.3795166689509868,-0.04105918743166523,0.05770321231144795,-0.06984045900539008,0.030769320701326812,0.09327678489901778,-0.04747090466505542,0.03041698801751771,0.2585022393548713,0.18469377717239682,0.07653624233323501,0.11302555116875593,-0.0908382372759328,-0.3035457979708265,-0.429577945256939,-0.025330833069156837,-0.4246416389040389,0.03504160076959092,-0.0539345451101511,0.021058858912780077,-0.23546670721917856,-0.22749750519500506,-0.2659375860350556,-0.020946461597037187,-0.259347592290531,-0.04529487235140267,0.031237186102282617,-0.0015818985289400992,0.02492842129963326,0.13196773130597791,0.3207800800611702,-0.12368586749686578,0.17176548780952539,0.10332079969542163,0.3213662697619793,0.05332538285093037,0.30085859274780113,-0.05782531369105381,0.03250787424927346,0.05487725460843867,0.2032808531374517,0.4222883896455341,0.06361685026290882,-0.12120952047077022,1.0,0.7120883646531162,0.08505892903170115,0.30165384088349095,0.5083071621199566,0.0761377182144277,-0.03812601148913306,-0.04373749244638687,0.2517656651543605,0.4184139201354484,0.0027066268783531734,-0.048054556586720074,0.044835754744281406,-0.2205803176887795,-0.11842400350080852,-0.4229322126497241,-0.22547360401707534,-0.20991614665933486,0.10641648514752805,-0.3730419894972839,-0.15034238297617672,0.23257973049264283,0.3919951152163311,-0.15792250621810364,0.32064708217419596,-0.005343924071752671,0.5609418641331515,-0.12159032794596879,0.1554582742274943,-0.005368059127738655,-0.2548533593502808,-0.2774269895411514,-0.3602726546719384,-0.15334972074577005,-0.3579946323223658,-0.246339810882301,-0.42746650043226186,-0.16618012007362107,-0.16019438042765086,0.039022173061302325,-0.028020715514012244,-0.19962992477532351,-0.4299537747684331,-0.2750186056345558,-0.32149627636838957
CNS-Oligo,0.26819294496258095,0.3245719482207167,-0.008602883220902741,0.7404377774892366,0.26815865968736335,-0.076425391693623,-0.5682178563623664,0.3203219422510788,-0.32625552729752866,-0.3196938796374175,-0.5924354412578967,-0.033882300535185254,-0.12801975895640041,-0.3149312516474596,-0.48796179256480954,-0.10598540704722906,-0.14459428898080234,-0.02049871352858893,-0.4508980320470632,-0.12115845472924429,-0.5474551615318081,-0.6346970589961397,-0.6875961159380176,-0.4728545914619932,-0.3853158904694162,-0.17422410576810154,-0.2732265217335063,-0.5249278354745582,-0.21644877084500463,-0.1653378399962567,-0.5022482882309375,0.31026971561955535,-0.3102217877983348,-0.24008398178126544,0.11846093618596258,-0.19072158840726283,0.21410822370286878,0.8242532359566822,-0.3063641926068943,0.47515042875155994,-0.061821609925349796,0.495604543034883,0.023678260538268943,0.49892073966079326,-0.10274542593366079,0.03449868912565906,-0.15544944227931243,0.2986628005947407,0.584140493848913,-0.06120235897860397,-0.3184668033857201,0.6433974284619545,0.3291430020867017,-0.07120016451212058,-0.043703962309379604,0.45469827663774404,0.026429708386869796,0.028473405602685332,0.009831372111305458,0.3769030138255407,0.08896386790607788,0.027261612632163465,-0.2385738439004994,0.14884256816401636,-0.12718504119781054,0.08776675664958364,-0.33154085383885795,0.017170533141038228,-0.21399183444466657,0.5021671762478898,-0.42034675493716317,-0.037384924484866154,0.3122024380142922,1.0,-0.23102050190766402,0.5446373241382648,0.0049552561740124484,0.9416641040804288,0.22832023387475958,0.40498736029601873,0.3427726815074344,0.3021020403675888,-0.45227971753154383,0.04490674282849617,-0.14654349021832966,-0.31206380124571187,-0.47242960553425584,-0.4566680557169293,-0.21592469653210414,0.17711579866492563,-0.07743343958297318,0.43375274320231316,-0.012168509469007716,-0.5710444339828643,-0.49660741021452176,-0.263561741399359
CNS-PiloAstro,0.4553669552467299,0.5794187612517941,0.18812515002618663,1.0,0.5099025588171148,0.3653836250501751,0.08515237523436998,0.6126450298645196,0.11686351597790759,-0.031435131843270354,-0.10294195085902343,0.17994765833635623,-0.015627293244140295,-0.12216381718322035,-0.14497484706844213,-0.0814420455941866,-0.16281327000244267,-0.24052993564301442,0.3097335074750525,-0.3022367236632485,-0.4452352790631648,-0.5645680782959253,-0.01893611885280125,-0.49070113407547167,-0.24814302854315753,-0.29035345659383693,-0.18132008804625735,-0.29417578545324014,-0.2720586006753488,-0.3589468203700448,0.09723829228787677,-0.02415844286776821,-0.07793604242510124,-0.18784934657302935,0.07363674580997642,-0.1210875500531559,0.01625391652654789,0.046646715091550314,-0.11278880680260121,0.05618480156654468,-0.16538320469780404,0.06844167144165243,-0.14420545174880933,0.23955697680903765,-0.128430759016456,0.029543282606300035,-0.05195905085968948,0.13776994285843613,0.7497817012746638,0.11503332458873516,0.20286909189716074,0.7827930944313171,0.5374784495572286,0.18536378635147302,0.46001747124504117,0.6319839331815477,0.426731404621464,-0.06702289208572101,0.27108774282777653,0.6790678334843998,0.5378512009463815,0.10716750129700726,0.02428231430982568,0.2135307254957086,-0.10774247872182874,-0.031000063637391464,-0.4394062984978646,-0.1536093453409207,-0.1359199500700363,0.2935708173512431,-0.4332886040033075,0.004811679927900606,0.22242901625143638,0.1998274145233324,-0.13157236867832536,0.44176125591539667,-0.02308863423767029,0.5530133680143448,-0.18757042275372843,0.19355596772559394,0.05263910690287981,-0.2903447775174614,-0.31033485108674175,-0.35406136183235776,-0.14954700514139652,-0.42368594838169626,-0.4157158285686412,-0.46458051331013017,0.0061841339843883075,-0.02196330909517168,0.5670080539736603,0.14335911716508337,-0.10531936670930649,-0.42489570487969636,-0.2564738151475406,-0.4161625763418714
Cervix-AdenoCA,-0.7311233101370156,-0.5532362345469948,0.2423597905482419,0.3912691932322851,0.9558166798886778,-0.3750988127493036,0.5252011540407974,0.7761285011993881,0.0791229124180429,-0.8101886936865555,-0.038446413719028606,-0.8722736506490641,-0.7975172011098597,-0.7843413340576437,-0.17037598684945093,0.17123929533220836,-0.5704701354990795,0.09754844549621534,0.4946423550533166,0.44232457733393377,-0.32126914704119,-0.8674124457721631,0.08840488140878196,0.4702491535117348,-0.13286016916432944,-0.8535582509695523,0.7941432462767135,-0.2432531283361687,0.3281608302850215,0.7600245429771656,0.044556037067831275,-0.23594702391722525,0.6108414688532152,0.519047034847269,0.26969086706752715,-0.2508753390896437,-0.6123821395674478,-0.3654468343006146,-0.20597027115791147,-0.8689557657272856,-0.9392548655351333,0.47388748123717556,0.07820217467260689,-0.25023475009493173,0.2434112847243682,-0.8233941398862974,0.6520894439904659,0.7945182167919366,0.7087066615729422,-0.026170899065280334,-0.40407708716320484,-0.7963040151384169,-0.7085820390156068,0.8350354244755198,-0.18185829771125017,0.36298905967787465,0.006104804231890287,-0.5922184517733402,-0.003976293666665658,-0.27509857091146195,0.78960387501141,-0.9234783565766029,-0.7023564331810883,0.6710179796288974,0.6639997028292011,-0.7084037898836144,-0.3201301208642751,-0.327408293385509,-0.7980884232280414,-0.11327773252802131,0.8529806544741397,-0.35147778472326213,-0.7278128594743275,0.5991083358070233,-0.5057290318846169,-0.6360090061287497,0.48949698903710304,-0.38932805258448866,0.3827224409167218,0.06271266865653544,0.9817636079878169,-0.5488956325064701,-0.2920510697961641,0.9251250806555705,-0.6799597289294761,-0.2203052978854937,0.4792082086029987,-0.585727644812906,-0.6998326380730142,-0.4064627037729739,-0.9338142081054922,0.6366802977314738,0.31626896843029956,0.13701317319318898,0.5238856080409021,-0.7925724976883542
Cervix-SCC,0.24559718153826063,0.1750508044346238,0.22917223605497603,0.5346986126347717,0.5120638492545376,0.2243242726428026,-0.06556330942864862,0.6673324125134557,0.40590019158794505,0.17768799006495475,0.00955396231529565,0.4101684289032425,-0.13880869959833875,-0.08203157541371471,-0.27383591713613886,0.14815318320030268,-0.024594297128353104,-0.05136284852313179,0.4515794005361761,-0.06632558319094335,-0.11459302225647275,-0.21652677785237007,-0.03428061612733792,-0.16351781872396712,0.04197756202371241,-0.018116891347067874,0.1261815570606077,-0.08085516178693,0.03184768529218726,-0.011305546118484116,-0.011104220420503288,-0.027141063830280726,-0.12807229677048096,-0.041144178086822754,-0.08151777060247853,-0.012429941770836134,0.3514346910492493,0.10704630666874901,-0.028737134769230083,0.13977487058101074,0.10028232183783607,0.13176587611683307,0.08834217812646375,0.2499414895980612,0.0063660154806233025,0.015454669725765653,0.11070226940121883,-0.0435622013904023,0.29111283906876123,0.06582640629475613,-0.023041483051009712,1.0,0.31103644392025465,0.05440543733370017,0.21266436753248946,0.5930993915233768,0.12164069778512579,0.17833803221209127,0.17471224121457443,0.29489663155839896,0.46693474368921506,0.12698987659944844,-0.11543195300098101,0.282824933358056,-0.2815519424926838,-0.2095436376576232,-0.36397496254945294,-0.26915655629805,-0.20576152651948593,-0.05329216411751185,-0.3077824608193777,-0.07742496152082277,0.039397341625907245,0.2797458472071975,-0.18251191306510284,0.06351560547816816,-0.16860131030280698,0.137850797904993,-0.10403986419544968,-0.08750300254953984,-0.06196431984804481,-0.24536213491363817,-0.294312944674198,-0.09247390370962255,0.09178691549925956,-0.21628066437236212,-0.132110124979537,-0.025930916608368187,-0.20373988674101334,0.07580294374542149,-0.10613160053018895,0.7236282609771147,0.001715931702188857,-0.28280281440911875,-0.14294272018814855,-0.02769225142220437
ColoRect-AdenoCA,-0.37923209047458256,-0.2649582397582379,-0.4398612934764701,0.22653469739992327,0.0627264258450506,-0.06922758415857702,-0.3599996255492954,0.549759462313419,-0.23707948877703813,-0.09846561647700966,-0.519437755783659,0.42644926163279934,-0.10348940424474623,0.051612055775092675,0.014904634027084113,0.00041608458375917587,-0.5463062807615536,-0.5683224438324552,-0.6340044691045078,-0.5886798685561772,-0.6353363838628959,-0.6401042244444552,-0.6377925987242817,-0.6332268667820516,-0.44371277086989347,-0.48085362337617216,-0.6378386742438243,-0.513117185339182,-0.6134648458494347,-0.6220460378298291,-0.6342697079862338,-0.5907249996039977,-0.4428255184316893,-0.18895414563173724,-0.10535622387122859,-0.15853984792031894,-0.4315814718979926,-0.2557639239828295,-0.25458319433351345,-0.2195481005226637,-0.018907130162843545,0.23101887403901736,0.3707720201728988,0.2417884529582702,0.04093702874989925,0.10820911353538776,-0.030394738113658296,0.10788300003813873,-0.23724096134578515,-0.4473737757424628,-0.6139509740924084,0.15780203091455547,-0.3768951921760729,-0.37519962563191095,-0.4470819923516287,0.14791489674154001,-0.5045558960414106,-0.2714360559921751,-0.6098626514183004,-0.13593805420489335,-0.221699928735144,-0.24823393950755857,-0.3089484265842491,0.021897561388035842,-0.06599493425959112,0.08483217055739617,-0.2761948191622979,-0.0362347553395493,-0.3846990230263999,-0.11105541545745905,-0.3490935374712296,-0.0643669905033982,0.8842425665382527,0.94928938605892,0.7073120737415107,0.9917210436739194,0.36893942750804837,0.3661196528541385,0.5967039561025743,0.7694602073406361,-0.08790104519181369,-0.19416898944361516,-0.3529874918569158,-0.010564022627384768,0.025836751948070648,-0.49408438386995834,-0.24744322895202084,-0.08447880497580705,-0.012334745095748669,0.32135222429966037,-0.34286390029638536,-0.11657333381298093,-0.02025754034566546,-0.17689777653352978,-0.34223848025856296,0.009478108608157999
Eso-AdenoCA,-0.0053043023110251565,-0.011295803046967557,-0.10475745255175828,0.12517600754110159,-0.08079326992411187,-0.1676810547332025,-0.25164424810511893,0.24416094843998276,0.1829867783504449,-0.07163569259390616,-0.1575650468962565,0.20576033691347798,0.1443874898873783,-0.05488032714491109,-0.13535103991905892,0.3693528357901851,-0.24420573145298938,-0.2627084597109456,-0.19548068063060944,-0.18846928848702885,-0.2866844071772174,-0.3912045737977272,-0.35195781182708746,-0.29898087723555855,-0.26989788385386476,-0.20368030913923618,-0.34918823063693843,-0.23828451781453314,0.11758297504177727,-0.1919557791381122,-0.14282063247925605,0.1352087541782404,-0.20939752263327338,-0.2371218821568587,-0.06634585474373624,-0.17542522205924377,-0.07628465016120965,-0.17119388702952376,-0.06918060145064102,-0.14194327472383678,-0.15878049869578142,-0.14719724399369155,0.11104738816595,-0.06416649742300935,0.1816378734733546,0.009640245499759944,-0.004465479823416953,0.24191275658551487,0.2013209389327818,0.09518872202297411,-0.14418132165804434,0.9994691022835833,0.594521828133294,-0.0930851798462835,0.023612921316848064,0.27556011667764746,-0.017237759271436646,0.17015348395899743,-0.05754331042912932,0.5299115984536285,0.6244178000989434,-0.07648565156743242,-0.06399614290368996,0.44720997649099636,-0.24242805020072444,-0.20224251235448293,-0.35242204884324785,-0.23748317363232793,0.03766675330536796,-0.15113259272522833,-0.14848537975782247,0.0095404577216352,0.08388617344736986,0.1578394001509225,0.005960604755253414,0.5070553831817503,0.19042088270184854,0.22501880152143192,0.07075165310855742,0.3075723744196276,0.1338919560519516,-0.09501634514632477,-0.23216361337797975,0.03050910261838293,0.17829774885247268,-0.06995414039057446,-0.05224885429981697,-0.01219536594803887,-0.0054417331178931,0.045896023657903476,-0.03801646254371868,0.05420661921237401,0.38570283756554674,-0.16458990423066705,-0.09799300705028618,0.08990115436452935
Head-SCC,0.1305054875651429,-0.04676165211527112,0.035831941642533074,0.19289103221333118,0.14673276431807106,-0.10527787753720684,-0.1127637756143917,0.17841137691097111,0.2979773307836211,-0.04940579810317884,-0.04647708656921564,0.20518351408943059,-0.11812911612888878,-0.10236664022599495,-0.26558246645893363,0.1220066369521357,-0.043673500958552554,-0.0884661200640508,0.23663868954049364,-0.031100739420421523,-0.08906156947821628,-0.26632733833450084,0.04222812794435623,-0.07486734345946325,-0.07031790814483055,-0.10353056770954439,-0.04763807242249883,-0.10419314930478217,0.026209800372649486,-0.030831678048819644,0.08819299407674643,-0.01956523666581555,-0.13421190776386896,-0.09141386848430993,-0.06126209910571633,-0.04769043836729602,0.24511115575347453,0.06795131394585294,-0.09089519829477014,0.13401645698303466,0.01898072259219752,-0.016715024077394856,0.08261344841916334,0.08700689561348335,0.0009035798718674486,0.038314269174066086,0.07911629486263407,-0.02461116054882247,0.6972760744898381,0.201304445101352,0.0008032121361085407,0.9991883232112319,0.6541641475099496,0.12584023204383327,0.23358079855966837,0.5588232443304056,0.2394562040365305,0.03606352558899288,0.025531073667973615,0.16343344232856663,0.5770469388767789,0.043338748112384334,0.06292341449456193,0.1432132529512373,-0.07948653957911068,-0.18678171535903645,-0.3248240249103651,-0.18435566048720817,-0.05266788380002493,-0.09703525193466413,-0.31551608520884034,-0.01730455674389039,0.10782948674330796,0.05631862442934251,-0.1760097535302883,0.10902653132740875,-0.014016968199782629,0.06467995320622986,-0.16892793938655332,0.03944709549136175,0.05527628880701841,-0.2703797920086039,-0.27486366078340035,-0.11814874236654652,0.0707114179744811,-0.2212666034593193,-0.1300776358876325,0.2046653030803614,-0.13493770952759412,-0.12641450403373233,-0.20905373440893704,0.3920787499003575,0.008557340953258656,-0.3181490453971596,-0.09890122617732125,-0.05267128744416526
Kidney-ChRCC,-0.06353212029583499,-0.1420082586645282,-0.22790480453388062,0.03045843558680504,0.018494764220328832,0.20452277296699523,-0.10825011601531709,0.873409527063981,-0.23922151633676478,-0.09158836356265924,-0.2392749159370336,0.09482738757494534,-0.17819363020280155,-0.1296777938574267,-0.2030508247984358,0.038556753312115014,-0.2975542923196391,-0.3129718015986325,-0.2834223930200035,-0.277476107402945,-0.3080980885972577,-0.3304792627782527,-0.3204450900543275,-0.3230568299692158,-0.2867257304591984,-0.23959732422465652,-0.2849279012465143,-0.2901138568431702,-0.17718504373956404,-0.23571853864710074,-0.3367248654398773,-0.08816808167656333,-0.150171684158604,-0.13068132758187845,-0.032845323174878385,-0.15293977358162736,-0.17114754909860663,-0.07690824876974074,-0.01573333015624572,-0.17263967482470474,0.25491033912632255,0.7430449402226793,0.10389487642340685,0.4855952730970683,0.012253392285353753,0.17259517411803435,0.02223464352361674,0.15845054171348122,0.2733129086230818,0.02057182438483987,-0.2223075571817796,0.49473172354439227,0.030143261415269813,-0.046830357490611554,-0.09919566260627098,-0.15096242652444142,0.34587742764075263,0.43345913725325513,0.030930154355376695,0.03645379878618467,0.12081380568779036,-0.16339913902819472,-0.21226487030078964,-0.1838249483040388,-0.015842140827698917,-0.04370618824727993,0.011746658399691249,-0.21983783295060946,0.15766369353621945,-0.017845976314684882,0.19530749558207128,0.04715821216978641,0.9990777060778046,0.2457202026097729,0.28082147687981474,0.5339270368084669,-0.03863896826087312,0.10258639433914438,-0.055202353290183144,0.06156525810402239,-0.272566741928244,-0.22349798161005605,-0.28128025279474905,-0.18852659202565356,-0.2180292491548778,-0.007637281317937588,-0.10467738470543038,-0.10109618001645473,-0.2966183442628798,-0.1695606946096746,-0.21421151004738573,0.05152408560558084,-0.3237410813775957,-0.3227103396373751,-0.30143572488497317,-0.2941277930770809
Kidney-RCC,0.012776458757359095,-0.00696880231573424,0.005065473571368929,0.019632338136663915,0.003069069021866073,0.030695946688043433,-0.013178445326460847,0.08991646210110976,-0.023202527409651067,-0.03320395142535908,-0.034656055610060896,-0.01963746921180892,-0.0004552749869584438,-0.006272133064663685,-0.016451057125525703,0.017157198665139334,-0.02356056890541545,-0.038596875181655034,-0.027083415385214527,-0.04024901090387422,-0.05052514223253724,-0.06391129691284554,-0.05817770108420692,-0.05665909083051583,-0.03996267446200524,-0.04387198756515255,-0.04301328374725567,-0.06427575224316591,-0.021760539650286664,-0.03198049131770548,-0.047628954343197555,-0.024417168985362756,-0.013092300050776806,-0.015446840856311423,0.006009280803888895,-0.011067872660200687,-0.018860351559741115,-0.004975866199916642,-0.0370633248362942,0.003265667983763723,0.03810471674601687,0.06151924732285285,0.007287207304567917,0.049048590819684504,-0.011374952846470509,-0.0018682962866631743,-0.011889143660655146,0.007554759061718228,0.24784348537305195,0.057047483876770236,0.06037275522701161,0.07674799240869228,0.9872657262664378,0.06500529957884595,0.45590842117025293,0.07349807411502131,0.21862154950396528,0.03277246141196711,0.06499079813284336,0.016716250467102903,0.14423356177065355,0.006791635410482121,0.1441410007598693,0.007177384095560862,-0.020743670588371555,-0.044561757378993,-0.05230053999520295,-0.0537771668758228,0.023824831833270357,-0.03495136872910641,-0.029011144828818173,-0.034097205836925965,0.14488036848429137,0.007820914174478966,0.017116160744297084,0.06661966439528953,0.07501136146462899,-0.0009766309647546729,0.003346723847182475,0.03340269824442194,-0.01960576860109112,-0.03581653922523753,-0.050365407491603904,-0.03273768435164682,-0.02825099301367696,-0.056976001438979906,-0.04597892671143729,-0.08589923232087016,-0.04551546248656625,-0.058999285321093484,-0.06849689796409235,-0.05540743408474658,-0.05325954680062537,-0.057709602660129866,-0.051785603571923695,-0.06005539583819857
Liver-HCC,0.1563541137426508,-0.013749699605335569,-0.10814318354778461,0.23496373311620664,0.16403477682086676,0.1052544186232953,-0.27613773256749324,0.05610649586584107,-0.10697018568754614,-0.1605923405245507,-0.1854866147779604,-0.14436557136448525,0.3356929237335384,0.19949593946195218,-0.12263453988984166,0.21249189010113873,-0.2199045869423951,-0.18668188182704537,-0.240929624107947,-0.1664270537506896,-0.25010448936423096,-0.3306057598948278,-0.3404766619674731,-0.19636327267105302,-0.26209095239613217,-0.1764598422384074,-0.3552247764673861,-0.2704663119794983,0.049292701123164015,-0.05777768101271897,-0.25216199459308347,0.21379326439455426,-0.2287817833153042,-0.2506857958765747,0.27064642683515006,-0.22124002627867154,0.09016402598133264,-0.0627980289323599,-0.3361568476931491,0.09628996394760238,-0.031569220804887964,-0.20502216889774147,-0.11234837303903016,-0.05102114737063952,0.15402456595772257,-0.09676922416514505,-0.38873665857718587,0.12942815261633617,0.5024985903277867,0.13143378536694922,0.13480560482704276,0.8045198982239233,0.5843298154426781,0.5513037586643347,0.5282102780033772,0.9999442164094284,0.12699679524407798,0.3489938545046503,0.21145536148816976,0.492286498228821,0.5619664953566991,0.741618620682266,0.3359981397396927,0.39508390706437424,0.028360836014700828,-0.08221125621262491,-0.18154276457355475,-0.14623208605885463,0.009674015654501605,0.08860985244182515,-0.22126126446856195,0.006438826184049132,0.09390456506671814,0.060881101592327416,-0.10822419404497506,0.1397786322545222,0.07572510189393784,0.07208944699169244,-0.010891063511352038,0.02983143788776085,0.21038219128565477,-0.03590735998028298,-0.3441418231018379,0.1171572137007467,0.1058254923571438,-0.010479766034582734,-0.1798743286216366,0.1120097932292969,-0.18193987922521915,-0.004149557573126977,-0.2893243805205153,0.34976825696307534,0.037015047158313705,-0.22217036616540284,-0.2238323568736658,-0.057980935241696265
Lung-AdenoCA,0.5350552761637901,-0.07220119376591483,-0.10616893254429953,0.5674124766389117,-0.09553420193611915,-0.2819634210524664,-0.5051823452921308,-0.07917649820589284,0.3426946726876985,-0.0918717543169969,-0.3273630257974831,0.40202274473041666,0.12995687487075616,-0.05376565953240637,-0.5331483204848386,0.2878727074699382,0.6187360762917734,0.2720883354668912,0.7260011665326479,0.3669401964883939,0.08031824767505973,-0.26095938095710886,-0.1626871851698022,-0.1061544098964475,0.4434603006450579,0.04276898660870111,-0.22913018032096155,0.29157824719727643,0.19496983336811366,0.1549468491828625,-0.07677594381376007,0.15244581368415727,-0.1423247227782765,-0.33839455072880475,0.4505636830368906,-0.14037455016478464,0.3770512027906973,-0.07360809309368263,-0.591378618468682,0.15575354898024624,0.03536131644621694,-0.41416598860121995,0.03303444585470543,-0.039386107820920974,0.1321314345789315,0.022141632436511762,-0.44380583322313255,0.15408916279884852,0.36890366075254405,-0.10099301763613122,-0.1144714066194058,0.7553607540145528,0.25897252699690265,-0.2168327427737303,-0.09171689291151457,0.25512509904184566,0.1964181212572229,-0.042120614585326725,0.005999112437490779,0.16421457113095314,0.3820868190339438,-0.1339631136768659,0.06963609211015773,0.021116592378907416,-0.14171937398210716,-0.6139771990916411,-0.44049686139243155,-0.5583602586453655,0.19773806693816262,-0.40017874709979445,-0.4975212307298247,-0.12946807586919917,0.48159345190986114,-0.34288717741977226,-0.278036992961332,0.21071802486876895,0.1781504416559861,-0.26497697160724787,-0.2809649867850164,-0.18449505688869597,0.0014732977789704243,-0.7744611452551524,-0.7477060777277211,-0.5893034984345135,0.0158616137561228,-0.6217926873617514,-0.45188629069673897,0.15450774272537626,-0.26393071887419983,-0.36802387682997295,-0.5117170429711964,0.620535338026478,-0.046289765655221415,-1.0,-0.31715008297435343,-0.5106695218420424
Lung-SCC,0.529709435689325,-0.12704833626538822,-0.07672457137003472,0.4170509408358266,-0.06454812673651539,-0.34487065860984223,-0.4843595096597678,-0.214427013508053,0.3315764491032598,-0.17053985342938574,-0.2225711024382435,0.2951042163703329,0.18971049793123315,-0.023125363877778148,-0.3468892553301038,0.2752924164269967,0.5547200367707997,0.37983431531123635,1.0,0.37950088287582495,0.2032821122688277,-0.14333141620846257,0.08509201731065684,0.04469430959100638,0.4550366060997661,0.06593070273399579,-0.02330412610126887,0.12710171194724895,0.004482710175445953,0.21144707564972634,-0.03163119611980724,0.02759859355552101,-0.2620043159523925,-0.4048665863212798,0.5861036956439588,-0.2762834663825104,0.16510285765471402,-0.18206974621401048,-0.523552458286917,-0.056726697082495225,-0.04818447627694932,-0.4434537877801205,-0.15442489635406956,-0.22678924340080917,0.071105197620693,-0.12833933349793436,-0.546366886926308,-0.05001820612415813,0.5363326382947455,-0.292555135080405,-0.14375220950857467,0.8533108693958391,0.3866382795592684,-0.13226643632988389,-0.09472511958045163,0.5768363764218042,0.3416571730293428,-0.013145004353276412,0.13623211333926602,0.5438556325642552,0.799612678192687,0.2340112524440541,0.12978230389039022,0.6420412994023588,-0.011092570570590403,-0.47979531117752244,-0.2954755136841413,-0.40221710450218906,0.4401733541603973,-0.22347697766133046,-0.32135378799604686,0.08437599080753017,0.5330705119270088,-0.35993956131390537,0.05498053846848504,0.15747006821764317,0.3707670405159334,-0.11839772037307683,0.32332415720631763,-0.001070959903632701,0.4642376424197719,-0.30829847333069715,-0.5065642254162378,0.02955736425858877,0.5123360961236714,-0.39649744048230906,-0.19511266525712984,-0.19289400320479333,-0.06159841073770333,-0.22004631044373327,-0.2570322345615048,0.7282330297236164,0.5973798681587177,-0.5993855580919585,-0.11498634690181224,-0.22276364900834558
Lymph-BNHL,-0.20582971679267037,0.020371370455002705,-0.2894800172384344,0.012154021336458739,-0.04109791532743098,-0.2000638217657938,-0.3188352479022491,0.2023003628591982,0.05878564939199938,-0.14119259002683954,-0.36879761728325616,0.14884419977664537,-0.11449579976557894,-0.3128900012185803,-0.3316485331318765,0.09012698118042017,-0.247785068143533,-0.2626677334702139,-0.31829598251265406,-0.1862760386411685,-0.27571605481958683,-0.4082751820943428,-0.41030569537748857,-0.3279111238648312,-0.1410262957481351,-0.03927081613170234,-0.32966755032296596,0.10331247819901446,-0.14093715297775666,-0.2973165400998077,-0.3521587248623618,-0.16847696765017933,-0.003957193925545821,-0.043374153743740526,-0.04903910719348249,-0.01499417881010954,0.09080347042134863,-0.0299734224092114,-0.1104803804145409,0.013680543524417483,0.03246523051909073,0.06342709018587943,0.09554447124516247,0.3762034408130856,-0.06853348590965917,0.0580145228197141,-0.08540116383680374,0.19467504568440372,0.6345183080474156,0.30965342253596967,0.008867924996063209,0.41348811492657134,1.0,-0.09130059074042814,0.2828097561661841,0.2686688761799159,0.5892230477950932,0.5913095508799002,0.004267501295790848,0.3553703979636857,0.3651645464889858,-0.2114852182737811,0.050368920539602124,0.02188646951510224,-0.23700845232466589,-0.10216472053176806,-0.3382183412810484,-0.19259304430624177,-0.1483328853037497,-0.076085044512582,-0.21283233423660664,-0.061045725140952474,0.14537229476309327,0.5262605370007912,0.019852297360483835,0.264788592952122,-0.009271886341955611,0.3636407402780589,-0.05566824552243036,0.2538792144256163,0.32673757508053797,-0.19319189947314755,-0.2990536092147384,-0.04975108489157821,0.654558077642424,-0.0476768805155856,0.16398216009992972,-0.029779683666829673,0.31934191003453016,0.20842335251604668,0.09003496615684879,0.563640016891258,0.35219920727652715,-0.31640029172709405,-0.1591463835138298,0.19241202677513086
Lymph-CLL,0.30540644731620514,0.35692520751679485,0.2505078777968271,0.5062001157687303,0.4668813043732883,0.08177712887159222,-0.3000566298854115,0.5061499328937326,0.24594499104516118,-0.04541627087186472,-0.20030017470681685,0.3382524872900883,-0.06694998044285175,-0.1488411058289218,-0.1633209277412629,0.09865781470886278,-0.14791338698587955,-0.1270412292846002,-0.2461014514941785,-0.33703343034311073,-0.326489808149735,-0.45696571912704015,-0.4326031933220676,-0.3990149322248151,-0.140372361565456,-0.15461185048207415,-0.22958036135138965,-0.17890387891790757,-0.29546002475814964,-0.35394078830038683,-0.400339780194925,-0.27816458841116726,-0.09920599495723433,-0.03338463995684602,0.03500860619748294,-0.10454587513795159,0.06152240686223912,0.11062778582385685,-0.19625004195860682,0.16597995027311407,0.06145288205007592,0.11817178874576047,0.027490257548242514,0.2790998910322638,-0.1542540374046009,0.012822061623310075,-0.10645901645339265,0.02689326496539734,0.8512659703230196,1.0,0.7568113659320757,0.740196099966942,0.9680191709265932,0.21077039896581087,0.784959717376474,0.8473472233957519,0.631464946350037,0.5284585691417997,0.4687595859725253,0.8708146256676174,0.29222465292187494,0.13348686508679383,0.1811093151789202,0.07036042879544877,-0.18711397002647498,-0.09891473963458805,-0.30687522573910403,-0.17522726046981524,-0.15519587528103618,0.01803825633693122,-0.3478749520038282,-0.14589107592822154,0.22336176831160445,0.25675564826392777,-0.13223252186731152,0.3945986649290275,0.07856885434727022,0.2948705008065595,-0.11490889733930844,0.10023880106353922,0.0027178531808817025,-0.41099963586542504,-0.29794680051891265,-0.3645255194520819,-0.01984533972942641,-0.39229726729847203,-0.1757102462111112,-0.22616463300215114,-0.08408165760920817,-0.17233097223620966,-0.01921786693054314,0.05367486864784834,-0.050589673408062016,-0.5292294650072297,-0.19461599073602961,-0.3080967308659813
Myeloid-AML,0.25028484014302593,-0.15344426586162382,-0.20420861575860183,0.2387564453586984,0.053951970952191515,0.11841706846942891,-0.46984466455451124,0.2637145144539396,0.11890945233074801,0.014253544436740524,-0.2728716491000838,0.13906099655680765,-0.08323086148506986,-0.33406894843579166,-0.16061646912818686,-0.1503458867220987,0.5026123302084764,-0.2867706674517296,0.15133797124034024,-0.3150165130567323,0.0007419156807229173,-0.42912089563531175,-0.26584475065051777,-0.3046678877482404,0.2014316466808162,-0.2787580683399535,-0.2369425954393149,-0.3341463922429316,-0.21816090370807473,-0.5018543730513887,-0.14411300458809867,-0.2574824236459926,0.2081002501379293,0.5027534926269972,0.0937102752288677,0.4531386942880895,0.35945207805487517,0.44206258677278626,-0.13735246129742626,0.9498541613306565,0.054693098312248334,-0.004594071601441307,-0.15530198234046233,0.8757100623018017,-0.008013037948930494,0.05595313777970935,0.03365680450807628,0.5312343178605129,0.2520469343467545,0.3334132873076552,0.06856069961427261,1.0,0.20380165764597444,-0.14322455019450858,-0.05508250944015459,0.1996879636398704,-0.194527996350993,0.055487246782848006,-0.031478800660038636,0.3467635213812457,-0.07362055199856937,0.19516955387997412,-0.16535507687265133,0.06510426477507532,-0.3739926330758146,-0.2578732173029796,-0.3720440137847346,-0.18989033932688662,0.012436312212470732,0.4088422777236943,-0.4047558888590759,-0.1336278629419745,-0.18159268765567163,-0.17867417241248526,-0.3524223791333007,0.17397903319571015,-0.12838745358294393,0.19711324517979906,-0.15098494713023403,-0.10588284501052769,-0.009827233058548792,-0.471734287630616,-0.34065065219000285,0.06193551015552582,-0.19033031560541375,-0.4185221009998683,-0.30532823562028505,-0.23031205593799828,-0.21286158543860878,0.33098259463858465,0.04006892559086642,0.1510593886387941,-0.07945272780807273,-0.5649057396783341,-0.5263700201025344,-0.3406193731382311
Myeloid-MDS,0.6969796681895202,-0.02761660776214514,-0.04692263343570865,0.04763529681315763,0.40088120070278893,0.7141240437887456,-0.1739914377058476,0.480490938886594,-0.3109662281910355,0.35740361567691,-0.30618378145358116,0.012805996076645888,0.2000592975478266,-0.12478683840235733,-0.5793801344040436,-0.3034833185884912,0.027297785793350453,-0.04287233931498073,0.02247442513303932,-0.3648620367762844,-0.33768666979811685,-0.6498614498758588,-0.5062465781039971,-0.4513379860872761,-0.16976622305737785,-0.41201926003413614,0.16860418912688627,-0.15954268112341868,-0.22549633837445054,-0.3147970841816154,0.2930179724886495,-0.017698880760194772,0.26383021136693147,-0.00035346344901317147,0.0850538634244031,0.553710371191701,0.2605982900081453,0.6809628229168885,-0.26943402857684445,0.5704815011360527,-0.1570024419604602,0.7183048873564805,-0.01932797077638864,1.0,-0.0678758700692821,0.036404410266225214,0.018653308740432254,0.1812626611560204,-0.16217268307223037,0.5889251409594154,-0.05492684186259268,0.6945370185465062,0.9965134099467828,-0.24560770914149765,0.22227314524883862,0.24436223408057745,-0.4300724193403222,0.18604392016140292,-0.06312226207092367,0.22549691352079076,-0.09733267933777336,-0.09070037850056559,-0.22334534186176444,-0.15911234031225577,-0.40219382036077184,-0.22712195898127047,-0.37432999133428635,-0.11593048197162097,-0.30796195005706956,-0.10287396946948038,-0.3341599254603405,-0.3364921142701589,-0.08704578053272323,-0.031189792581144113,-0.18169874629254398,0.12749830977741586,-0.3601064841644923,-0.157662825507005,-0.4215562517810572,0.25176241471757504,-0.052032046900016275,-0.4053375540334059,0.1332664118712355,0.10382628866150508,-0.2947343608825249,-0.03082939108624851,-0.23728641563842498,-0.44392847604426927,-0.06139524936820666,-0.10383286254475733,0.590008308103107,0.9288750951958769,0.09144490196868424,-0.34619199500960957,-0.3444784139611032,-0.2243497180703579
Myeloid-MPN,0.5365476277616172,0.15368556026784758,0.006954082339018596,0.34229105552840144,0.9999744854850607,0.24362216657448754,-0.23202513317856685,0.3602372996021475,0.1659887776119516,0.005491893863082633,-0.08716505812015701,0.1318771768063063,0.15211293604260187,-0.10763242987214053,-0.20222943679154665,-0.17614211060327128,0.15790028733531555,-0.12400383411738572,-0.03214981483171668,-0.15733542310524692,-0.16282516707567454,-0.3455833030836695,-0.17721205204904342,-0.22661043264368688,0.12185147848314543,-0.14023849101236416,-0.02303145672087495,-0.2425969922904275,-0.21032341150086817,-0.1942663304344431,-0.2594488028548439,-0.13477107198414529,0.07785905714959436,0.1684306591502177,0.08012072623185088,0.2469022790622857,0.19263893257333484,0.36303539482922975,-0.17406068073874695,0.6176688324448244,0.06609739525197474,0.21517393115089153,-0.08684662455535343,0.7519652528664883,-0.13627865719540613,-0.0018663465580019349,-0.0825077220650465,0.20995795750696056,0.4684901378791312,0.2923959007629239,-0.047241786792916886,0.5238269785181454,0.29819323699750583,-0.0017687625966860533,0.1536552841653514,0.2844871342857087,0.004570603145911762,0.14969089440747588,0.08795874425941907,0.5366667940353155,0.11824189731042647,0.08629370962467203,-0.0337216930990961,0.15228097486564104,-0.32444287401242494,-0.24695364107878012,-0.37655616721830537,-0.20696945278102832,-0.15194227859867973,0.03202642424205449,-0.32924006959205476,-0.09910402527883347,-0.20878418121687278,-0.12620858953534492,-0.3425465249986746,-0.024165910920309414,-0.26741020709830204,-0.16941253332059228,-0.3044120903761291,-0.07343055519211235,0.35343962846244786,-0.1259148031875144,-0.16360898014427416,-0.04094076737968264,0.07953070066185153,-0.28576792596566425,-0.21007124391489268,-0.30033165744487234,0.026095962227834554,0.19115126656054526,0.7069529941831678,0.1259626251775376,0.7065247486145452,-0.38814726090550694,-0.18827420890971833,-0.21698322832839084
Ovary-AdenoCA,0.08709193976256811,0.1636036167691417,0.17705924508784013,0.26125617308820986,-0.015389947791213077,-0.03854931317967301,-0.019281904573225955,0.10969995595061631,0.10307975243154105,0.08294651560391324,0.04313456203244161,0.060723322639800945,0.08401763907463908,-0.01130873081422752,-0.01677757803171773,0.13780255624600438,-0.04415142753709874,-0.07716357466338193,0.9999703313324252,-0.027246737860602197,-0.13634947964890223,-0.11612511163544545,0.2593334289629491,-0.10330329313440167,-0.12674322070948196,-0.03487858162054428,-0.0342353141141504,-0.05624784141680738,0.01641917657917985,-0.09915009031334926,0.3300401345759028,0.03894489284164941,0.020170861533003015,-0.06136376067484316,-0.024375225150415826,0.09274995259307607,-0.05367141645314727,-0.09444246682444737,-0.02370221654285661,-0.012447703637846124,-0.04557969207674934,-0.02575522081242491,0.042034880341119456,0.05748533429345873,0.021164991165556493,-0.015048331261409519,0.007404787230473896,0.07495692111541657,0.22769550306686623,0.05219486090405082,0.05646774435931191,0.3824727240672034,0.1758532652160245,-0.049019738554832486,0.08338152072831863,0.1986283244233796,0.023184100975615997,-0.025118986624271943,-0.06505485626003955,0.04642818615162308,0.16122382892697146,-0.03072430454759835,0.0032758916154663064,0.10847084302868727,-0.04960059451679292,0.012125854673915294,-0.08522062162001802,-0.01493472481846994,-0.05309136922110073,-0.027201066482619135,-0.1122232927245659,-0.07372669348657182,-0.03229498382238523,0.04198718843609123,-0.11897079619072834,0.02905662974303588,-0.09129619322054634,0.046299410681121964,-0.09738490489554878,-0.011156670246372683,0.02608032953277337,-0.11268718204761577,0.002437371599386445,-0.04038371961325058,-0.056231399135928305,-0.11274275793623979,-0.05779560519550894,-0.0469020827271344,-0.07532339655050599,0.011652135779372248,-0.06701433028720558,0.025819812213005094,-0.0767182529717507,-0.14709386238816125,-0.020114492633635392,-0.057338283676531376
Panc-AdenoCA,0.012568323883022522,0.19867452740245584,0.020741274099877857,0.1876426153045527,-0.07145933561400719,-0.0451090202824592,-0.1601881859055498,0.21580281886571723,-0.09850709549668175,-0.005228706031930951,-0.1005609055594691,0.0031342137826056095,0.038542317338233247,-0.05228454645644924,-0.09579935852598592,0.19467267094121607,-0.17809425022833805,-0.18006000543884446,-0.11558787741098903,-0.1808263658415915,-0.23636465035795123,-0.29002992515642834,-0.19443504576339107,-0.2356501934431779,-0.19146556743586157,-0.12202505226694377,-0.2145557461185622,-0.18387991512949334,-0.03424911443564037,-0.15037317865338376,-0.15572065543162983,0.011304696228339824,-0.0847463246330027,-0.10176165550782801,-0.027804933797087813,-0.05426072950031775,0.018690310876478138,-0.03802973116672319,-0.04136341021783085,0.03904263629166558,-0.004530202670650365,0.023755051787089244,0.0753917485414537,0.09452529258675932,0.0008266087868778699,0.08453327130012647,0.03334737344579517,0.1426226290383707,0.4164436666783167,0.30108697788225125,0.07617088073116791,0.9938216598973464,0.5510119919997353,0.030589317244349646,0.23262113542019522,0.3611786693196824,0.10930859057495389,0.11058332825111683,-0.008470940727232238,0.22628980293977316,0.4711670406336367,-0.05586270078945415,-0.00513176908392124,0.08665726307092503,-0.11179531419183611,-0.07249877522546365,-0.22282624567673595,-0.14769581704074458,-0.050434112177789425,-0.024024148682225483,-0.16412362419519572,-0.03997774771509972,0.2143870222531675,0.1862032984807834,-0.08080236247215543,0.19832733790829957,0.022670311836028464,0.11591193250648464,-0.07813368358422682,0.07471413520181308,0.04452393725462781,-0.19888458722696456,-0.22046738868402418,-0.11138032943306328,0.08418881645924518,-0.1357232394642157,-0.046051002425182064,0.02599156813825149,-0.09267919720185255,-0.0014185632667867408,-0.04062498220388419,0.15122028621858846,-0.054670365657756216,-0.285804536251531,-0.13054019735717115,-0.018637229139735107
Panc-Endocrine,0.42905240898433733,0.3203841270645694,0.210183759979623,0.5165046628181008,0.13214436568811833,0.09990755359354575,-0.20793300847931206,0.2001563598399962,0.14230962513225484,-0.0018352606919489055,-0.059472882355329736,0.004207230864690055,0.004122654774716435,0.023089640018966438,-0.10890426596916188,-0.008897255676851025,-0.16403798310080733,-0.038236718561923504,0.03470524799023934,-0.16723793012987284,-0.3033494440185097,-0.28240020959594875,-0.263528914465232,-0.2402586103573842,-0.28086013162164936,-0.03750252114803852,-0.28716532658006594,-0.27597878001249065,-0.03733683382754449,-0.11757857228161585,-0.12890055679301035,0.02321677130627331,-0.12643673621415524,-0.14096519250135964,0.013983385815583442,-0.09635072477697401,0.0402571731131917,0.04638917369746943,-0.10169880674710886,0.06593188869877734,0.004074558203342571,-0.0017970336658157686,0.03675198951150754,0.07763798098952449,0.04676015393279279,0.0565261339020653,-0.07187980666117484,0.10124341413307685,0.9629556145317612,0.3801364179081407,0.15363810850436652,0.9998280728967475,0.22597886709248502,-0.01055910929718783,0.2522737290585474,0.5807352321843605,0.0805024870989318,0.17053582058770692,0.026403247278649004,0.17732211244241436,0.4590826197658244,0.16518351701228495,0.027789860447858923,0.3098499156678406,-0.15946483835957248,-0.08374629803738748,-0.2051072126211389,-0.11576513175180858,-0.08353405265423343,-0.051347735695552926,-0.2557096722987954,-0.1408937658699216,0.10806568019858596,0.12175853098039385,-0.04263844766953021,0.2579013475625677,-0.02146144085133125,0.13011216450945176,-0.08422151522001596,0.052983031197917974,0.25567700797178533,0.0021465105680853174,-0.20793885388831398,0.08435354172433365,-0.16760748999217856,-0.23786822748755146,-0.21434930520678253,-0.1534430764946447,-0.18514590021788002,-0.10044078489812874,-0.10510314541115305,0.05881967219715517,-0.18923610480516884,-0.26971275569858427,-0.1787649074944933,-0.1690706424138125
Prost-AdenoCA,0.09315016267892776,0.2026572821090697,0.19549187929595327,0.24544962529472059,-0.011555594688694706,-0.013520473104503938,-0.08508950747740632,0.12158156302612266,-0.030213025313189652,0.004355752777900379,-0.047670683541190285,-0.03422844494786706,-0.007248232408868764,0.00018980698781325108,0.012980984751053153,0.060191595420161,-0.13323320510893671,-0.13250157160643583,-0.10626884976381835,-0.1660669906204072,-0.2727224687812809,-0.32153776637169595,0.00431151990935286,-0.2720333269295127,-0.17326730813252075,-0.041719783145925456,-0.13007156014442425,-0.1616978467683641,0.028128565519637824,-0.17239722985004816,0.032605063812202816,0.016147191654308266,-0.06627825562190837,-0.08619102514494319,-0.02325150361415078,-0.03621397061497735,-0.027956502053669088,-0.05876970618058179,-0.08722266172640888,0.007804588814584033,0.07361399441632015,0.11185277228108753,0.08811742856923052,0.1527103068487006,0.04659445021830497,0.002860905549319657,0.03744573168465518,0.17331627267317617,0.6121645126142359,0.202635014157334,0.09133326253328947,0.6560700503075068,0.9705310411795188,-0.005187429552877476,0.48651561256623627,0.276252357316032,0.3273283350127621,0.05401504518157311,0.16308427878537968,0.2530036452210655,0.43740181578095233,-0.1411678476468811,0.07726790669060424,-0.04818732788467462,-0.07058755749556427,-0.02342468876444746,-0.26524291113882753,-0.13356921209229525,-0.07635609403004254,-0.01866836773721831,-0.2676958132908034,-0.13356843615063876,0.2828986011428574,0.27543085313687726,-0.09019047678769097,0.2885453081086321,0.0698472753662201,0.1397080018805351,-0.08478612591338301,0.05945791801092921,0.16821415856467758,-0.13942705054515508,-0.18174268667869758,-0.16140698429249095,0.019758467284691914,-0.14142618305371724,-0.08310481695396643,-0.182552365034155,0.017695664812246277,0.14618085015284307,-0.077169398672683,0.11433953182134131,-0.001462963256826886,-0.22068864199025348,-0.12121752124743004,-0.1488578652348823
Skin-Melanoma,0.08830484589520511,0.08930027305118184,-0.008919339614245183,0.06538287968637325,0.31139654275907963,0.04725278153969339,0.1503573347552164,0.1575334141645644,0.07576361222079084,0.00591517758199053,-0.03637584052280508,0.15042284350249338,0.05915066314774734,0.010836737806147299,0.04589411856207862,0.1768083096191088,0.1752769415883066,0.12532465443296759,0.03374901608616598,0.11956705005770883,0.08975596494612516,-0.02365932925576602,0.024880643259621027,0.03688954188965124,0.11347409079339758,0.10556918677533539,-0.005989547262839893,0.09896717660384427,0.14617633806491512,0.07431171182701791,0.0869152574451482,0.14399749979039453,0.045823746307690386,-0.021800037573021135,0.22494440688562753,-0.014753207130747415,-0.006168248725964601,-0.011173485238655786,-0.034811432171489486,-0.017874280375728472,0.09937903879052634,-0.02593359164759399,0.2140581456419864,-0.019609352664711116,-0.010415069253169717,0.0068039625656182625,-0.019782231557119268,0.004955146896528466,0.09646013148861603,0.04832399101846916,0.0622039586590806,0.04220974026860783,0.07804832245905871,0.011310343272849454,0.11046990929721556,-0.0005562029162249023,0.07148100516266188,0.024824058022615926,0.08190922424519827,0.006775775028456731,0.06001787383041373,-0.0346710484470256,-0.011559547591374083,-0.0011991385703021662,0.040653470979115286,0.01621447156797208,-0.02076703681059075,-0.007392313996517806,0.022459095658463525,0.0833915631518856,0.030105859411828577,0.028702976030581827,0.15544379934082939,0.11468549363909793,0.051842295234530766,-0.007904487416182531,-0.002781663303130937,0.018302571108205424,0.00027872062714275135,-0.020534475478428602,0.046165582259503436,0.0538396891470909,0.08980226286558253,0.08520880473951481,0.03209684362414404,0.013758075682243723,0.2998223194047183,1.0,0.037051496555817534,0.049248438596974274,0.13217679419579514,0.10713861722677999,0.06163328069438533,-0.004116003664682537,0.14771523675398948,0.3162390760813963
SoftTissue-Leiomyo,-0.00288484429975348,0.12779396453161232,0.003244190200389536,0.14571504420579257,0.031474357698707864,0.06171619512394061,-0.035109384715467346,0.11672629918493091,0.01951792792103008,-0.033807074990769674,-0.07653517554781572,0.09946120494850741,-0.07631007731989295,-0.05766415997318372,-0.14958529494539327,0.01335570206437757,-0.019233895007167597,-0.07713155676947944,-0.0237025094013804,-0.06948982401141106,-0.038601999325033685,-0.07676094931380989,-0.03291853742627123,-0.07324734297962361,-0.05556873616813153,-0.031761518394046964,-0.03406131096605703,-0.01014759342283756,0.024355497311823075,-0.032972851036794815,-0.022321554227433996,0.039002014166604766,0.0008250375052814789,-0.0412277087021537,-0.0014465988987238587,-0.02153940375173458,-0.03428638466474691,-0.03868032313608008,-0.07644488028996684,-0.003600772368898309,-0.03118765544926067,-0.010644940941952416,0.03558127814273207,-0.016533567099888593,-0.013698921739518246,-0.0010278328988801112,-0.018270069298877787,0.05672198095017506,0.19110484561541205,0.1479683496920966,0.11948028755879347,0.14463727933956175,0.9757816502564624,0.18684759129891007,0.5919226981102862,0.30886928083448356,0.2597966606134896,0.1398349765806942,0.17455444820936467,0.2752204810095731,0.1284851671867958,-0.016195386242407534,0.07835466313219898,-0.020108157712792635,-0.057993253904223115,0.023275803471457246,-0.10077116406816541,-0.03315395795233242,-0.034658674999594935,0.1281650151557787,-0.06361993380624183,-0.033018662062770494,0.1822399265625902,0.18017717446067086,0.05809732092071403,0.18456094069882345,0.01388523246774642,0.19039368478734192,-0.007675302358574973,0.06306490487469182,-0.0817066344647565,-0.2059951425572931,-0.11905204619792344,-0.2149142259515484,-0.08654173926634273,-0.07460237809096153,-0.02086713925954995,-0.10301740900219403,-0.029643338978096585,-0.0813242418666073,0.049547073891437046,-0.037263583897332565,-0.09617860181498766,-0.2053128545718184,-0.08719963029185906,-0.16285776182022102
SoftTissue-Liposarc,0.016780970119620205,0.1594146028902274,0.05298791047977026,0.3258237590896859,0.07283261838372035,0.04480083922190875,-0.09084289942825072,0.23593003165375637,0.106906505923015,-0.009713079019703958,-0.18647113268895157,0.11065749896378008,-0.12431208396451295,-0.11012387898657906,-0.22306167517043277,0.06737337373914432,-0.053555412381953216,-0.18561268936006067,-0.03941770043629072,-0.11219076384939021,-0.16904994821384564,-0.2093367297405622,-0.22314749200342568,-0.1330083038383053,-0.10775766795041909,-0.11885807384208509,-0.14457545064568766,-0.06668825088631344,-0.04912038184782489,-0.09243438816612345,-0.21463550224351038,0.04641612884504457,0.14778072453607113,-0.029573356998713864,-0.005812470116039075,0.08585457987466398,0.07380717136406041,-0.06631116772109613,-0.07512839064609408,0.10680961912448585,0.023529386679711578,-0.011323608728017335,0.06169804078987603,0.08584241210761448,-0.03847390666215339,0.08238219690094435,-0.05316954394097156,0.0887613805483601,0.37222777189294787,0.334090226835412,0.2321326434944797,0.3342992480240066,0.9970711969105184,0.07927296813890505,0.47349577263194675,0.3900406992905421,0.34416449772161856,0.14531130436402948,0.09752678188639473,0.384216091734029,0.2326851403362466,-0.03833884697645211,0.11050767179485779,0.024787375931155455,-0.09679640568123997,0.03151695863186704,-0.17776548848895768,-0.0939481374378901,-0.15069119618167617,0.16700802706416518,-0.15905870898165503,-0.14141732225464818,0.12477090264305186,0.2605920164504125,-0.033991811629495536,0.1546434020520645,-0.04679016945983767,0.29337106600816626,0.00040524798708894256,0.07228578452128934,-0.12365384632341046,-0.3290932541758511,-0.1584217309282489,-0.3225597576293498,-0.1889376103905046,-0.23456643624903867,-0.0990409912812919,-0.20763642607390292,-0.17174037134327313,-0.13529691254924317,-0.08377373869547376,-0.11524751118729461,-0.1825151948164971,-0.30830525683659715,-0.140164268239226,-0.2413122262466936
Stomach-AdenoCA,-0.09936198631121428,-0.11626157584030081,-0.1925242897908753,0.08182017667404323,-0.15836451132671683,-0.11207911169542599,-0.12366522236506815,0.016249251926882514,-0.08566516842033084,-0.017869933247101497,-0.13357927568105857,0.22960038116887527,-0.08503552169798681,-0.12338803633647774,-0.19487271585383603,0.17623624899565052,-0.23935743114950211,-0.2186493031037007,-0.2698636831051198,-0.21540529100331807,-0.28164476521930487,-0.2894654327007136,-0.28938077290462916,-0.27399057419890915,-0.2278199291524911,-0.12210298311753899,-0.26081444853951863,-0.24686914557600215,-0.18191435485714907,-0.23867257725161364,-0.2718320231594741,-0.11978401266673003,-0.08998771735970541,-0.025718106096534618,-0.016207254397623078,-0.11551311631064876,-0.09605801946558302,0.002360646723419606,0.015373459139133773,-0.07294132039981889,-0.040779913418151424,0.03899985851952012,-0.015005763054639437,0.015176033106061462,-0.05525566195944745,-0.008382200970642371,-0.016098096349090714,0.14791294438422548,0.4590862511736062,0.7566261879749394,-0.13302526781247004,0.47047103734505696,0.21532839892006936,0.08585141543037038,0.024966903546877896,0.3342123109240294,0.23017692854513586,1.0,0.10055906895952903,0.43588004586433954,0.2972454425905682,0.20688662306855196,-0.0883703613892882,0.12034443201404424,-0.07587879956978102,-0.008409408875903048,-0.142313907438561,-0.14264477846683632,0.1661314309587594,-0.011554916854378677,-0.03691888949598068,0.0304823933235429,-0.024325207348721487,0.08314224611658286,-0.03035255950249096,0.03523263001275965,0.05250921541731414,0.09365341247850355,0.0028624336350428613,0.07794142850178722,0.0032626260252156354,0.015222993223039586,-0.21877907126496887,0.1744184452226951,0.032174146181903604,0.013044874803409255,0.02254058166074514,0.014207176500894618,-0.0692257647094281,0.2256632087355024,-0.06075444156820402,0.2577124572751569,-0.011307922209621549,-0.15463435615988658,-0.11954407674583897,0.17174174355762098
Thy-AdenoCA,0.40262927513888863,0.44315542114695633,0.7155842382771403,0.6774798281615156,0.6037658340096476,0.08517250618830796,-0.22502855887734552,0.4900445036343293,0.3365948915472785,-0.03033778517933213,0.050941554723906116,0.2982129743940916,-0.17591022879552243,-0.22353221055344039,-0.2407796011426495,-0.12254448162633749,-0.15108460697779286,-0.31815694721888854,-0.20000115381856354,-0.33833435227308484,-0.293147169950238,-0.3638154659769626,-0.3613866342322994,-0.2286908016773085,-0.07626859020004446,-0.05176662148166828,-0.06723711597298766,-0.2126598417149366,-0.08748808924353425,-0.06946588330872022,-0.23938193541016028,-0.004783578284089769,0.052198123224427774,0.11780305021289143,0.08833783723794965,-0.16827508794903887,0.25935396335922684,0.18194715573554093,-0.2456374076752415,0.2427193023731965,0.4053808494719813,0.4263521441575063,-0.02882238165788586,0.31852249395337173,0.06820003710762623,0.27480461229682246,-0.006497285338508257,-0.06801756428201595,0.9999811685769809,0.7322181861751605,0.5131090848892913,0.9140075440457309,0.8594160614520319,0.15290111654924482,0.9711216768407406,0.4676708784636065,0.4273785664160208,0.20997094765479,0.7103035085874331,0.7510761380103795,0.20453370293568868,-0.09480956579376346,0.07605456534693648,-0.05848021441188068,-0.1362318353611583,-0.09909845040933467,-0.2961445612302574,-0.1243352640048082,-0.3320428328440056,-0.22762429377089946,-0.5199003753694558,-0.35840941881203464,0.2501649317633748,0.21244906831355323,-0.26487359534149746,0.504573109441198,-0.11290240756954605,-0.12842168686227273,-0.31215864863188963,-0.00474950915195064,-0.3178983645043252,-0.4735915437574767,-0.577494792778237,-0.5780229402307507,-0.2406412422638522,-0.3967513612084993,-0.44204192786369645,-0.4951806203810682,-0.3171507382837599,-0.20708542056855464,-0.20889675628692078,-0.28932974414051993,-0.4065947311316647,-0.6298415697469029,-0.5041485218640624,-0.5005960909656013
Uterus-AdenoCA,-0.5479533168362201,-0.14090470005707686,-0.5166111821111857,0.15167079808432013,-0.32348025731033886,-0.19859914760708441,-0.23417521533694952,0.0952449350433624,-0.25010732541279734,-0.0018428465416231176,-0.28868775074965675,0.262722507960814,-0.5202407141491417,-0.11105828097515821,-0.5500912956779833,0.2441611522233082,-0.48299070387796833,-0.49083321156429144,-0.5993221454471943,-0.5638598267852454,-0.634152402479163,-0.6341839424109884,-0.61849480090794,-0.6313110110314324,-0.2077168441134028,-0.3953873033274979,-0.5858724736889043,-0.43619691426518875,-0.6216125754908179,-0.6237099409067557,-0.6163529671995817,-0.6136681326265154,0.03378170025607267,0.5410639885961701,0.06975627247828671,0.3668573818407475,-0.37339991248757526,0.3792665003418418,-0.30698235530959744,0.12336915111610205,0.09770464430520855,0.04956031095887798,-0.006283136175704786,0.07067881506695878,-0.17587208788705147,0.5620326110657189,-0.3457434253277428,0.91634067107587,-0.4735204709165696,-0.3276048193628791,-0.6002482658669218,0.13079256093148717,-0.5606281873302794,-0.007142830486932846,-0.5328946775277453,0.0763220065205976,-0.562461366558278,0.2145415619794948,-0.5627332210763771,0.002149784059409008,-0.462418435071335,-0.10530730499950386,-0.5892478085066633,-0.35039524113807574,-0.3485074672117107,0.017019289457812958,-0.35881922321400295,-0.4755539950366919,-0.3775786282705613,0.2212704440663944,-0.32236045425097265,-0.33615390166958486,0.3406264536534382,0.9770102506228742,0.23528286837542867,0.2617027776805843,-0.09482703054465175,0.3360185800283883,-0.11478381626275704,-0.3505891630288208,-0.5711424118931913,0.2663160939405494,-0.5305506809727312,0.4587042561184907,-0.4598974390223164,-0.2346894959405631,-0.4578489377960309,0.567760750833052,-0.49612481930206737,0.5195311888773073,-0.38851965852482273,0.7425435425665183,-0.6030121285756652,-0.3263766909176498,-0.5863325887365562,-0.04100539308673431
